{"0.0008379659993806854": {"usertype": "enemy", "start": [890, 50], "target": [600, 580], "split": false}, "0.0008420329977525398": {"usertype": "enemy", "start": [1164, 50], "target": [760, 600], "split": false}, "0.0008438959994236939": {"usertype": "enemy", "start": [231, 50], "target": [460, 600], "split": false}, "0.0008456399991700891": {"usertype": "enemy", "start": [476, 50], "target": [20, 580], "split": false}, "1.029227153998363": {"usertype": "player", "key": 100, "pos": [1137, 108]}, "1.270828695000091": {"usertype": "player", "key": 100, "pos": [1063, 190]}, "1.7692915679981525": {"usertype": "player", "key": 115, "pos": [847, 121]}, "1.962957486997766": {"usertype": "player", "key": 115, "pos": [796, 192]}, "2.026775206999446": {"usertype": "enemy", "start": [1092, 50], "target": [1180, 580], "split": false}, "2.685201356998732": {"usertype": "player", "key": 97, "pos": [416, 129]}, "2.895128964999458": {"usertype": "player", "key": 97, "pos": [420, 167]}, "3.4556533440008934": {"usertype": "player", "key": 97, "pos": [269, 150]}, "3.6507507860005717": {"usertype": "player", "key": 97, "pos": [302, 184]}, "4.050188535999041": {"usertype": "enemy", "start": [64, 50], "target": [460, 600], "split": false}, "6.050497652999184": {"usertype": "enemy", "start": [263, 50], "target": [20, 580], "split": true}, "6.131214099998033": {"usertype": "player", "key": 100, "pos": [1116, 171]}, "6.320650811998348": {"usertype": "player", "key": 100, "pos": [1140, 237]}, "7.437920084998041": {"usertype": "player", "key": 97, "pos": [237, 115]}, "7.704330474000017": {"usertype": "player", "key": 97, "pos": [196, 196]}, "8.064321714999096": {"usertype": "enemy", "start": [837, 50], "target": [20, 580], "split": false}, "8.330600809000316": {"usertype": "player", "key": 97, "pos": [153, 143]}, "8.578687493998586": {"usertype": "player", "key": 97, "pos": [187, 198]}, "9.454300383000373": {"usertype": "player", "key": 115, "pos": [784, 75]}, "9.742185766001057": {"usertype": "player", "key": 115, "pos": [725, 129]}, "10.08459031700113": {"usertype": "enemy", "start": [751, 50], "target": [1060, 600], "split": false}, "12.102519815998676": {"usertype": "enemy", "start": [334, 50], "target": [310, 600], "split": false}, "13.160914164000133": {"usertype": "player", "key": 97, "pos": [341, 106]}, "13.389158463000058": {"usertype": "player", "key": 97, "pos": [320, 183]}, "14.116251301999": {"usertype": "enemy", "start": [703, 50], "target": [20, 580], "split": false}, "15.754595808997692": {"usertype": "player", "key": 115, "pos": [649, 91]}, "15.994620178000332": {"usertype": "player", "key": 115, "pos": [575, 158]}, "16.13458568399801": {"usertype": "enemy", "start": [504, 50], "target": [160, 600], "split": false}, "17.04913039600069": {"usertype": "player", "key": 115, "pos": [483, 97]}, "17.24954763400092": {"usertype": "player", "key": 115, "pos": [474, 140]}, "18.14399627400053": {"usertype": "enemy", "start": [895, 50], "target": [460, 600], "split": true}, "19.904425605000142": {"usertype": "player", "key": 115, "pos": [850, 107]}, "20.132631886001036": {"usertype": "player", "key": 115, "pos": [785, 184]}, "20.149199335999583": {"usertype": "enemy", "start": [346, 50], "target": [600, 580], "split": false}, "21.247595872999227": {"usertype": "player", "key": 97, "pos": [372, 98]}, "22.17099578899797": {"usertype": "enemy", "start": [1084, 50], "target": [760, 600], "split": false}, "23.81445347100089": {"usertype": "player", "key": 100, "pos": [1051, 127]}, "24.169155428000522": {"usertype": "enemy", "start": [1206, 50], "target": [600, 580], "split": false}, "26.052612937997765": {"usertype": "player", "key": 100, "pos": [1157, 99]}, "26.180903909000335": {"usertype": "enemy", "start": [432, 50], "target": [460, 600], "split": false}, "28.20242369799962": {"usertype": "enemy", "start": [467, 50], "target": [910, 600], "split": true}, "28.317087977000483": {"usertype": "player", "key": 97, "pos": [346, 193]}, "28.4327383130003": {"usertype": "player", "key": 115, "pos": [405, 173]}, "28.54811145599888": {"usertype": "player", "key": 100, "pos": [445, 168]}, "29.027941816999373": {"usertype": "player", "key": 100, "pos": [552, 107]}}